시,사업장,상세주소,대표자,전화번호,기부가 더 필요한 물품
경기 안산시 단원구,안산시광림푸드뱅크,경기도 안산시 단원구 예술1길 6,민경보,031-487-1377,
경북 경산시,경산시푸드뱅크,경상북도 경산시 경청로222길 79,김오기,053-802-1377,
전북 진안군,진안군기초푸드뱅크,전라북도 진안군 진안읍 진무로 975,유정,063-432-9005,
충북 괴산군,괴산군푸드뱅크,충청북도 괴산군 괴산읍 괴강로 15,최은묵,043-834-1377,
강원 정선군,정선군푸드뱅크,강원도 정선군 남면 무릉1로 56,최원재,033-592-4115,
강원 양구군,양구기초푸드뱅크,강원도 양구군 양구읍 양구새싹로 7-11,이한웅,033-482-1377,
경남 창원시 성산구,창원시기초푸드뱅크,경상남도 창원시 성산구 창이대로600번길 2,함영권,055-253-1377,
강원 평창군,평창군푸드뱅크,강원 평창군 평창읍,우강호,033-334-0117,
강원 철원군,철원군푸드뱅크,강원 철원군 동송읍 이평로,오남주,033-458-2999,
경기 이천시,이천시푸드뱅크,경기도 이천시 부발읍 신원로 18,윤병성,031-634-1377,
충북 보은군,보은군푸드뱅크,충청북도 보은군 보은읍 보청대로 1907,구왕회,043-544-1377,
강원 강릉시,강릉푸드뱅크,강원도 강릉시 종합운동장길 69,이재석,033-643-1377,
충북 청주시 상당구,청주시흥덕푸드뱅크,충북 청주시 흥덕구 운천동,유응모,043-267-1377,
충남 예산군,예산군기초푸드뱅크,충청남도 예산군 예산읍 벚꽃로 318,김성순,041-334-1377,
경기 파주시,파주시사랑나눔푸드뱅크,경기도 파주시 파주읍 봉서산로 138,김백현,031-949-1377,
서울 서대문구,서대문구푸드뱅크,서울 서대문구 연희동,이중명,304-1376,
전북 장수군,장수군기초푸드뱅크,전라북도 장수군 장수읍 시장로 27-9,주재훈,063-351-2792,
전북 순창군,순창군기초푸드뱅크,전라북도 순창군 순창읍 장류로 407-30,임예민,063-653-9120,
경기 양주시,양주기초푸드뱅크,경기도 양주시 광적면 가래비길 93,박영주,031-837-1377,
경기 동두천시,동두천천사푸드뱅크,경기도 동두천시 광암로6번길 2,이정숙,031-865-4577,
인천 서구,서구태화푸드뱅크,인천광역시 서구 심곡로124번길 10,이찬우,032-564-1377,
인천 남구,미추홀구기초푸드뱅크,인천광역시 미추홀구 매소홀로418번길 14-57,이승연,032-861-1377,
강원 횡성군,횡성군기초푸드뱅크,강원도 횡성군 횡성읍 어수로 46,이석원,033-342-1104,
강원 인제군,인제군기초푸드뱅크,강원도 인제군 인제읍 인제로199번길 10,김영자,033-463-1377,
강원 화천군,화천푸드뱅크,강원도 화천군 하남면 춘화로 3341,안귀환,033-442-1992,
강원 양양군,양양푸드뱅크,강원도 양양군 강현면 일출로 42,이성린,033-673-4848,
충북 음성군,음성군기초푸드뱅크,충청북도 음성군 음성읍 중앙로40번길 9-1,이건용,043-873-1377,
전북 완주군,완주군기초푸드뱅크,전라북도 완주군 삼례읍 별산농원길 20,김진왕,063-232-1377,
천안시 충남,천안서부푸드뱅크,충청남도 천안시 동남구 태조산길 13-31,문용식,041-554-3572,
충북 진천군,진천군기초푸드뱅크,충청북도 진천군 진천읍 상산로 42,유열,043-533-1377,
울산 남구,남구나눔푸드뱅크,울산광역시 남구 봉월로50번길 45(신정동),정근두,052-257-1377,
광주 북구,두암기초푸드뱅크,광주광역시 북구 삼정로 7,이영길,062-266-8185,
경기 파주시,파주시희망나눔푸드뱅크,경기도 파주시 교하로 914,최명성,031-945-3054,
서울 강남구,강남푸드뱅크마켓센터,서울 강남구 개포동,김종민,02-554-1377,
경기 평택시,평택시송탄기초푸드뱅크,경기도 평택시 점촌로32번길 53,이대영,031-662-2677,
충남 부여군,부여나눔푸드뱅크,충청남도 부여군 규암면 합송서로 128-3,강민용,041-832-0811,
충남 서천군,서천군좋은친구푸드뱅크,충청남도 서천군 서천읍 군청로 37,조순희,041-951-9444,
대전 서구,대전행복나눔무지개푸드마켓1호점,대전광역시 서구 계룡로219번길 17,최주환,042-488-1370,
대전 동구,대전행복나눔무지개푸드마켓2호점,대전광역시 동구 동대전로 102-1,고철영,042-633-1377,
인천 강화군,강화푸드마켓,인천광역시 강화군 강화읍 향나무길22번길 12,주성식,032-934-0808,
경남 김해시,김해시푸드마켓,경상남도 김해시 김해대로 2232,김희년,055-328-1377,
충북 청주시 상당구,청주시푸드마켓,충북 청주시 상당구 서문동,유응모,043-222-9171,
충남 서천군,서천군좋은친구푸드마켓,충청남도 서천군 서천읍 군청로 37,조순희,041-951-9444,
인천 동구,동구푸드마켓1호점,인천 동구 송림동,임석기,032-773-2377,
충북 제천시,제천시푸드마켓,충청북도 제천시 동명로 50,양순경,043-647-1377,
전북 정읍시,정읍시기초푸드뱅크,전라북도 정읍시 수성2로 13-18,최정미,063-533-1916,
전북 남원시,남원시기초푸드뱅크,전북 남원시 노암동 275번지 노암주공아파트단지내,강정아,063-632-5252,
전북 김제시,김제시기초푸드뱅크,전라북도 김제시 금성로 93,권영세,063-543-1377,
전북 임실군,임실군기초푸드뱅크,전북 임실군 관촌면 방현리,서승원,063-643-1377,
전북 고창군,고창군기초푸드뱅크,전라북도 고창군 모양성로 116-13 고창행복원,박지환,063-561-2350,
전남 무안군,전남광역푸드뱅크,전라남도 무안군 삼향읍 오룡3길 22,노진영,061-283-1477,
전남 목포시,예향참맛푸드뱅크,전라남도 목포시 해안로173번길 34,박수영,061-242-8980,
전남 여수시,문수기초푸드뱅크,전라남도 여수시 여문2로 11-10,임봉춘,061-652-2010,
전남 여수시,여수시쌍봉푸드뱅크,전라남도 여수시 학동서4길 58-20,김종진,061-682-1477,
전남 순천시,순천시푸드뱅크,전라남도 순천시 저전길 84,윤동성,061-741-3062,
전남 광양시,광양시푸드뱅크,전라남도 광양시 광양읍 인덕로 977,윤지영,061-762-9894,
전남 곡성군,곡성군푸드뱅크,전남 곡성군 곡성읍 읍내19길,박병준,061-363-2171,
전남 구례군,구례군푸드뱅크,전남 구례군 구례읍 의료원길 7-4,손근배,061-783-1378,
전남 고흥군,고흥군푸드뱅크,전라남도 고흥군 고흥읍 신계학림길 39,김경수,061-832-2500,
전남 보성군,보성군푸드뱅크,전라남도 보성군 보성읍 동인길 18-6,임상선,061-852-9845,
전남 화순군,화순군푸드뱅크,전남 화순군 춘양면 학포로 1303-1,정소향,061-371-1377,
전남 강진군,강진군푸드뱅크,전라남도 강진군 군동면 백금포길 7,문정국,061-434-7002,
전남 영암군,영암군푸드뱅크,전라남도 영암군 영암읍 새동네길 22-1,이삼행,061-471-9933,
전남 무안군,무안군기초푸드뱅크,전라남도 무안군 일로읍 삼일로 493,이호성,061-283-1888,
전남 함평군,함평기초푸드뱅크,전라남도 함평군 함평읍 함장로 1071,정경숙,061-324-2331,
전남 영광군,영광군푸드뱅크,전남 영광군 영광읍,김경옥,061-353-9740,
전남 장성군,장성군푸드뱅크,전라남도 장성군 장성읍 청운길 55,김종석,061-394-5909,
전남 진도군,진도군기초푸드뱅크,전라남도 진도군 진도읍 남동1길 46,천율곡,061-544-2210,
경북 안동시,경북광역푸드뱅크,경상북도 안동시 광명로 166,이상근,054-843-8550,
경북 경주시,경주시푸드뱅크,경북 경주시 용강동,김종우,054-771-8107,
경북 구미시,구미시푸드뱅크,경상북도 구미시 문장로 110(도량동),김용선(법등),054-458-0230,
경북 김천시,김천시푸드뱅크,경상북도 김천시 모암길 3,오석상,054-439-2191,
경북 문경시,문경시푸드뱅크,경북 문경시 모전동,김옥희,054-555-2800,
경북 상주시,상주시푸드뱅크,경북 상주시 냉림동,이광호,054-532-5688,
경북 성주군,성주군푸드뱅크,경상북도 성주군 수륜면 성주가야산로 616,유금희,054-932-3551,
경북 안동시,안동시푸드뱅크,경상북도 안동시 복주5길 23-17,김윤애,054-858-1361,
경북 영주시,영주시푸드뱅크,경북 영주시 가흥1동,김해숙,054-639-0500,
경북 영천시,영천시푸드뱅크,경북 영천시 작산동,이상근,054-335-3633,
경북 울진군,울진군푸드뱅크,경북 울진군 후포면 삼율리,정은경,054-788-2111,
경북 의성군,의성군푸드뱅크,경북 의성군 의성읍 후죽3리,박철진,054-834-2900,
경북 청도군,청도군푸드뱅크,경상북도 청도군 화양읍 청화로 79-15,권덕수,054-373-7575,
경북 칠곡군,칠곡군푸드뱅크,경상북도 칠곡군 왜관읍 관문로1길 32,김태자,054-979-5129,
경남 창원시 마산회원구,경남광역푸드뱅크,경상남도 창원시 마산회원구 팔용로 272,정민화,055-298-9108,
경남 창원시 마산회원구,마산푸드뱅크,경상남도 창원시 마산회원구 내서읍 상곡로 49,장수용,055-231-8018,
경남 진주시,진주시푸드뱅크,경상남도 진주시 서장대로 281,김기호,055-747-1377,
경남 창원시 진해구,진해푸드뱅크,경상남도 창원시 진해구 진해대로 1101(풍호동 진해구청),최훈,055-540-0114,
경남 통영시,통영시푸드뱅크,경남 통영시 무전동,임효진,055-646-1377,
경남 사천시,사천시푸드뱅크,경상남도 사천시 동금5길 15,이외숙,055-831-5794,
경남 김해시,김해시푸드뱅크,경남 김해시 부원동,박숙자,055-324-4179,
경남 밀양시,밀양시푸드뱅크,경상남도 밀양시 중앙로 218,홍창희,055-350-1053,
경남 거제시,거제시푸드뱅크,경상남도 거제시 고현로2길 42,신종엽,055-632-0400,
경남 양산시,양산시푸드뱅크,경남 양산시 물금읍 범어리,성지혜,055-365-9544,
경남 함안군,함안군푸드뱅크,경상남도 함안군 가야읍 말산로 1,조근제,055-580-2495,
경남 창녕군,창녕군푸드뱅크,경상남도 창녕군 창녕읍 조산서재골로,하승범,055-532-0624,
경남 고성군,고성군푸드뱅크,경상남도 고성군 고성읍 죽계1길 95-1,정미향,055-672-5528,
경남 남해군,남해군푸드뱅크,경남 남해군 남해읍 아산리,남해군수,055-860-3883,
경남 하동군,하동군푸드뱅크,경남 하동군 하동읍,손호연,055-884-6955,
경남 함양군,함양군푸드뱅크,경남 함양군 함양읍 백천리,오충교,055-962-2071,
경남 합천군,합천군푸드뱅크,경상남도 합천군 합천읍 중앙로 33-2,금영자,055-931-2370,
제주 제주시,제주특별자치도푸드뱅크,제주특별자치도 제주시 청풍남8길 12-1,고승화,064-759-1377,
부산 북구,북구행복나눔푸드마켓,부산 북구 덕천1동,김태열,051-335-8377,
부산 해운대구,해운대푸드마켓,부산광역시 해운대구 재반로 79(재송동),정순영,051-781-1373,
부산 서구,푸르미&나누미푸드마켓,부산광역시 서구 구덕로346번길 28,조생래,051-941-1367,
경북 구미시,구미푸드마켓,경상북도 구미시 문장로 110,김용선(법등),054-443-1377,
경북 포항시 남구,포항시푸드마켓,경상북도 포항시 남구 송도로 51,신인숙,054-231-1377,
전북 익산시,익산행복나눔마켓뱅크,전라북도 익산시 중앙로7길 2-9,유화영,063-854-1377,
전북 무주군,무주행복나눔푸드마켓·뱅크,전라북도 무주군 무주읍 한풍루로 294,권삼일,063-322-1370,
전북 전주시 완산구,전주시행복나눔푸드마켓,전라북도 전주시 완산구 꽃밭정로 21,조영례,063-286-1377,
울산 남구,울산광역시나눔푸드마켓,울산광역시 남구 봉월로50번길 45(신정동),정근두,052-252-1377,
부산 서구,서구푸드뱅크,부산 서구 암남동,김미애,051-241-1133,
부산 동구,동구푸드뱅크,부산 동구 범일6동,정수홍,051-633-3367,
부산 영도구,영도구푸드뱅크,부산 영도구 동삼3동,김영신,051-404-5061,
강원 강릉시,강원도광역푸드뱅크,강원도 강릉시 난설헌로 12-6,왕종배,033-646-0197,
강원 춘천시,춘천시푸드뱅크,강원 춘천시 중앙로 104-1,신두진,033-262-3494,
강원 동해시,동해시기초푸드뱅크,강원도 동해시 선돌길 19,김익현,033-533-1155,
강원 태백시,태백푸드뱅크,강원도 태백시 태백로 398-8(화전동),이은숙,033-553-8155,
강원 속초시,속초기초푸드뱅크,강원 속초시 먹거리길19,하청수,033-635-0758,
강원 삼척시,삼척시푸드뱅크,강원도 삼척시 원당로2길 72-6,홍금표,033-575-0516,
강원 영월군,영월군푸드뱅크,강원도 영월군 영월읍 덕포하리4길 19-5,노인국,033-374-6411,
충북 청주시 흥덕구,충북광역푸드뱅크,충청북도 청주시 흥덕구 공단로 87,김영석,043-234-0840,
충북 충주시,충주시푸드뱅크,충청북도 충주시 주공길 7,이광훈,043-855-3000,
충북 제천시,제천기초푸드뱅크,충청북도 제천시 내토로 390,양순경,043-645-5004,
충북 옥천군,옥천군푸드뱅크,충청북도 옥천군 옥천읍 삼양로8길 9,오재훈,043-730-2654,
충북 증평군,증평군푸드뱅크,충청북도 증평군 증평읍 창신로 85,박경화,043-836-6040,
충남 홍성군,충남광역푸드뱅크,충청남도 홍성군 홍북읍 상하천로 50,박윤근,041-634-0875,
천안시 충남,천안기초푸드뱅크,충청남도 천안시 동남구 풍세로 708,이성수,041-523-1377,
충남 보령시,보령시푸드뱅크,충청남도 보령시 주공로 50,장희경,041-936-8501,
충남 서산시,서산시기초푸드뱅크,충청남도 서산시 서해로 3456,박근일,041-667-2303,
충남 아산시,아산시기초푸드뱅크,충청남도 아산시 배방읍 호서로 111-1,유계준,041-534-1377,
충남 논산시,논산사랑푸드뱅크,충청남도 논산시 생뫼길 14(강산동),전종혁,041-736-1004,
천안시 충남,천안희망나눔푸드마켓,충청남도 천안시 동남구 원성1길 24,노승환,041-573-1377,
제주 제주시,제주사랑나눔푸드마켓,제주특별자치도 제주시 동광로 85,고승화,064-758-1377,
강원 원주시,원주시푸드나눔센터,강원도 원주시 갈머리2길 31,지은희,033-747-1347,
대전 중구,대전사랑의먹거리나눔운동본부(푸드뱅크),대전광역시 중구 문창로 39,배현숙,042-242-2700,
경남 창원시 성산구,창원시희망푸드마켓,경상남도 창원시 성산구 신사로 7,함영권,055-283-1377,
경기 광명시,시립광명푸드뱅크마켓행복바구니1호점,경기도 광명시 광삼로 9,이광수,02-2688-1377,
경기 부천시 원미구,부천시다사랑푸드마켓,경기도 부천시 신흥로275번길 19,유두환,032-324-1688,
경기 성남시 중원구,성남열린푸드마켓,경기도 성남시 분당구 탄천로 215,서덕석,031-756-1378,
경기 수원시 팔달구,수원시해누리푸드마켓,경기도 수원시 팔달구 매산로 86,황재경,031-238-1378,
경기 의정부시,의정부푸드뱅크마켓,경기도 의정부시 용민로92번길 12,최재혁,031-829-6114,
경기 파주시,파주시희망푸드마켓,경기도 파주시 교하로 914,최명성,031-949-2215,
경기 평택시,평택시푸드마켓1호점,경기도 평택시 평택로 149,차현아,031-618-1877,
대구 달서구,달서구푸드마켓,대구 달서구 송현2동,송정준,053-636-1377,
대구 중구,행복한중구푸드마켓,대구 중구 남산4동,신상윤,053-256-1377,
인천 서구,서구푸드마켓2호점,인천광역시 서구 거북로 124,전명구,032-584-1377,
인천 부평구,부평구푸드마켓2호점,인천광역시 부평구 경원대로1367번길 18,김상현,032-511-1377,
인천 남구,미추홀구푸드마켓2호점,인천광역시 미추홀구 인주대로 127,신덕수,032-889-1377,
경기 안양시 만안구,안양시유쾌한푸드뱅크,경기도 안양시 만안구 안양로360번길 26,김정호,031-442-8488,
대구 남구,대구남구늘해랑푸드마켓,대구 남구 봉덕1동,안의종,053-473-1377,
서울 마포구,마포행복나눔푸드마켓2호점,서울 마포구 노고산동 1~40,박인길,02-703-1377,
전남 여수시,햇살나눔식품지원가게(마켓)2호점,전라남도 여수시 한재로 182,김종진,061-642-1477,
부산 금정구,부산금정구푸드마켓,부산 금정구 남산동,김귀경,051-911-1377,
부산 영도구,부산영도구푸드마켓,부산 영도구 동삼동,김영신,051-405-1377,
,전국푸드뱅크,서울특별시 마포구 만리재로 14,서상목,02-2077-398,
서울 도봉구,서울시광역푸드뱅크,서울특별시 성동구 자동차시장3길 64,김현훈,02-905-1377,
인천 부평구,부평구푸드뱅크,인천광역시 부평구 후정동로 6,김도균,032-519-1377,
광주 서구,행복나눔푸드마켓서구점,광주광역시 서구 염화로 119(화정동),김천수,062-374-1377,
광주 북구,행복나눔푸드마켓북구점,광주광역시 북구 서하로 232(오치동),신창수,062-264-1377,
경기 화성시,화성시행복나눔푸드마켓,경기도 화성시 향남읍 행정서로3길 50,조남범,031-8059-167,
전남 무안군,햇살나눔푸드마켓(전남)1호점,전라남도 무안군 삼향읍 오룡3길 22,노진영,061-283-1477,
경기 평택시,평택푸드마켓2호점,경기도 평택시 송탄로 191,이대영,031-664-1377,
전북 김제시,김제지평선푸드마켓,전라북도 김제시 금성로 93,권영세,063-543-1377,
경기 고양시 일산동구,고양시한아름푸드마켓,경기도 고양시 일산동구 호수로446번길 55,심재경,031-902-1377,
전북 고창군,고창푸드마켓,전라북도 고창군 전봉준로 96 푸드마켓(고창읍 율계리),손형석,063-561-1378,
충북 충주시,충주시푸드마켓,충청북도 충주시 사직산21길 34,이광훈,043-855-3011,
경기 부천시 소사구,부천행복한동행푸드뱅크,경기도 부천시 하우로 319,이명희,032-612-0124,
충북 단양군,단양나눔과기쁨푸드뱅크,충북 단양군 대강면 장림리,함기용,043-421-3191,
충남 태안군,태안군푸드뱅크,충청남도 태안군 군청2길 2,임종기,041-675-1379,
전북 전주시 덕진구,전북광역푸드뱅크,전라북도 전주시 덕진구 전주천동로 483,이병관,063-224-1861,
전북 전주시 완산구,전주시기초푸드뱅크,전라북도 전주시 완산구 소대배기로 18-34,조영례,063-225-4215,
전북 군산시,군산시기초푸드뱅크,전라북도 군산시 칠성로 59,황성덕,063-461-6555,
부산 부산진구,부산진구푸드뱅크,부산광역시 부산진구 당감서로 16,박현애,051-896-2320,
부산 동래구,동래구푸드뱅크,부산 동래구 명장2동,권경동,051-531-2460,
부산 사상구,부산사상구푸드마켓,부산광역시 사상구 동주로 6-9,정병우,051-325-1399,
경기 양주시,양주연화푸드마켓,경기도 양주시 외미로64번길 35,김재호,031-861-1377,
충북 청주시 상당구,청주시드림기초푸드뱅크,충청북도 청주시 청원구 상리로17번길 27-40,문영길,043-218-7991,
충북 단양군,단양군푸드마켓,충북 단양군 단양읍 도전리,김종학,043-422-1700,
경기 여주시,여주군좋은이웃기초푸드뱅크,경기도 여주시 가남읍 자유그린길 37,박홍원,031-884-1377,
경기 연천군,연천군푸드뱅크,경기도 연천군 전곡읍 전곡로40번길 1,백성국,031-833-1010,
충남 공주시,공주기초푸드뱅크,충청남도 공주시 신기동길 48-8,소진원,041-857-6004,
서울 은평구,은평푸드뱅크마켓,서울특별시 은평구 서오릉로 134-5,이영학,02-354-1377,
서울 마포구,마포행복나눔푸드(뱅크)마켓1호점,서울 마포구 성산동,박선예,02-364-1377,
경기 이천시,사랑나눔이천푸드마켓,경기도 이천시 경충대로2638번길 35,한정현,031-638-1375,
부산 남구,남구동행푸드마켓,부산광역시 남구 못골로53번길 12-20,김순희,051-638-1377,
충남 보령시,행복보령푸드마켓,충청남도 보령시 원동1길 95,오치인,041-931-8502,
경남 거창군,거창푸드뱅크,경남 거창군 마리면 하고리,임규순,055-942-7934,
전남 영광군,영광군푸드마켓,전라남도 영광군 영광읍 중앙로4길 7,김경옥,080-353-1377,
충남 홍성군,홍성군푸드마켓뱅크,충청남도 홍성군 홍성읍 홍성천길 114,곽정욱,041-634-7377,
충남 예산군,예산다다푸드마켓,충남 예산군 예산읍 예산리,김동경,041-335-8700,
부산 중구,중구다솜나래푸드마켓,부산 중구 영주동,신인미,051-463-1388,
인천 남구,미추홀구푸드마켓1호점,인천광역시 미추홀구 경인로 333,이승연,032-875-1377,
제주 제주시,북부기초푸드뱅크,제주특별자치도 제주시 한림읍 한림상로 207-9,안원식,064-796-9093,
충북 영동군,영동나눔푸드뱅크,충북 영동군 영동읍 설계리,서은선,043-744-4949,
경북 포항시 북구,내일을여는집포항기초푸드뱅크,경상북도 포항시 북구 삼흥로35번길 1-4,문혜정,054-244-1377,
강원 고성군,고성푸드뱅크사랑나눔센터,강원도 고성군 거진읍 태봉2길 24,김경현,033-681-1376,
경기 광주시,광주시중앙푸드뱅크&푸드마켓,경기도 광주시 고불로 40-11,소양호 목사,031-766-1377,
경북 포항시 남구,경동푸드뱅크,경상북도 포항시 남구 오천읍 해병로347번길 34,하광락,054-293-1378,
충북 청주시 청원구,청원기초푸드뱅크,충청북도 청주시 청원구 내수읍 내수로 737,김도경,043-218-1377,
경북 포항시 북구,흥해제일기초푸드뱅크,경상북도 포항시 북구 흥해읍 한동로 43,오철진,054-261-7525,
경북 포항시 북구,포항우리푸드뱅크,경상북도 포항시 북구 중앙로298번길 3-1,김소향,054-255-1377,
경기 수원시 장안구,수원시장안푸드뱅크,경기도 수원시 장안구 장안로63번길 8,이관호,031-271-1377,
서울 강동구,강동구 푸드뱅크마켓센터,서울특별시 강동구 동남로 926,임정백,02-427-1377,
서울 서대문구,서대문정담은푸드마켓1호점,서울 서대문구 냉천동,박선예,02-392-1377,
서울 영등포구,영등포사랑나눔푸드뱅크·마켓,서울특별시 영등포구 선유동1로 80,정진원,02-2632-1377,
서울 중랑구,중랑푸드마켓·뱅크센터,서울특별시 중랑구 봉화산로56길 22,양태경,02-493-1582,
서울 종로구,종로구 푸드뱅크마켓센터,서울 종로구 숭인1동,김병호,02-2148-4102,
서울 노원구,노원구 푸드뱅크마켓센터,서울특별시 노원구 동일로 1229 노원구민회관(중계동),김근,02-975-1277,
충북 진천군,진천나눔과기쁨기초푸드뱅크,충청북도 진천군 진천읍 진광로 72-1,안미선,043-536-0129,
서울 용산구,용산구 푸드뱅크마켓센터,서울특별시 용산구 한강대로 345,윤종철,02-703-0129,
경기 김포시,김포시푸드뱅크,경기도 김포시 북변중로65번길 4-8,이우배,031-996-1377,
충북 청주시 상당구,청주시구세군기초푸드뱅크,충청북도 청주시 상당구 꽃산동로 45,이상혁,043-254-1377,
서울 광진구,광진푸드뱅크마켓센터,서울 광진구 화양동,장영심,02-499-1377,
대전 유성구,대전가톨릭농수산물지원센터(푸드뱅크),대전광역시 유성구 노은동로 33,윤여창,042-822-7986,
세종,세종사랑나눔푸드마켓·뱅크,세종특별자치시 조치원읍 세종로 2567,김부유,044-868-1311,
광주 광산구,청지기푸드뱅크,광주광역시 광산구 송도로 143,홍요한,062-941-8209,
경기 여주시,여주구세군푸드뱅크,경기도 여주시 도예로 39-11,남세광,031-885-1138,
광주 북구,사랑나눔기초푸드뱅크,광주 북구 풍향동,안현식,062-512-1125,
충남 청양군,청양푸드뱅크,충청남도 청양군 운곡면 청신로,이준희,041-944-1500,
전남 완도군,푸드뱅크사랑나눔은행,전라남도 완도군 완도읍 청해진남로23번길 9,김민호,061-554-1377,
서울 금천구,금천구푸드뱅크마켓센터,서울특별시 금천구 탑골로 35,인치성,02-3286-1377,
서울 송파구,"송파푸드마켓, 송파푸드뱅크",서울 송파구 마천동,이대영,02-2043-1377,
서울 동대문구,동대문 푸드뱅크마켓,서울특별시 동대문구 천호대로2길 23-9(신설동),장성기,02-2246-0036,
충북 청주시 흥덕구,청주시사랑나눔기초푸드뱅크,충청북도 청주시 흥덕구 강서로71번길 20-3,조경옥,043-266-1377,
경기 양평군,양평군기초푸드뱅크,경기도 양평군 용문면 용문역길 67,강동연,031-775-7741,
대전 서구,대전행복나눔푸드마켓8호점,대전광역시 서구 배재로 99-1,김문규,042-528-1377,
부산 중구,중구푸드뱅크,부산 중구 대청동4가,김희순,051-464-3137,
인천 남동구,남동구푸드마켓2호점,인천광역시 남동구 구월로137번길 59,고석현,032-431-1377,
인천 연수구,연수구푸드마켓1호점,인천 연수구 선학동,최윤희,032-817-1377,
인천 연수구,연수구푸드마켓2호점,인천광역시 연수구 청량로184번길 17,한종근,032-834-2377,
인천 서구,서구푸드마켓1호점,인천광역시 서구 승학로 233,이두형,032-576-1377,
충남 보령시,행복보령푸드뱅크,충청남도 보령시 원동1길 95,오치인,041-931-8502,
울산 울주군,울주푸드뱅크마켓,울산광역시 울주군 언양읍 동문길 51,김외화,052-224-1377,
인천 계양구,계양구푸드마켓,인천광역시 계양구 계양대로 126,이준모,032-551-1377,
대전 대덕구,대전행복나눔무지개푸드마켓3호점,대전광역시 대덕구 계족로608번길 15,오단이,042-637-1377,
경남 통영시,통영나누미푸드마켓,경남 통영시 무전동,임효진,055-646-1377,
경남 진주시,진주푸드마켓,경상남도 진주시 서장대로 281,김기호,055-747-1377,
부산 동래구,동래등대지기푸드마켓,부산광역시 동래구 석사북로 59-1(온천동),권경동,051-506-1377,
부산 북구,북구푸드뱅크,부산 북구 덕천3동,김태열,051-331-4674,
부산 해운대구,해운대기초푸드뱅크,부산 해운대구 재송1동,정순영,051-782-5005,
부산 사하구,사하구푸드뱅크,부산광역시 사하구 다송로 59,김태형,051-265-9471,
부산 금정구,금정구푸드뱅크,부산광역시 금정구 중앙대로2349번길 3,박해영,051-508-1997,
부산 강서구,강서구푸드뱅크,부산 강서구 명지동,임광수,051-271-0561,
부산 연제구,연제구푸드뱅크,부산광역시 연제구 봉수로 17,정일현,"051-863-8360,",
부산 수영구,수영구푸드뱅크,부산 수영구 망미동,구춘희,051-755-3367,
부산 기장군,기장군푸드뱅크,부산광역시 기장군 기장읍 차성로288번길 27,이교승,051-724-3457,
대구 달서구,달서구본동푸드뱅크,대구광역시 달서구 송현로 113,송정준,053-639-1377,
대구 달서구,달서구성서푸드뱅크,대구광역시 달서구 신당로 56,김성수,053-582-1376,
대구 동구,동구동촌푸드뱅크,대구광역시 동구 입석로 5,김순애,053-986-1377,
대구 북구,북구산격푸드뱅크,대구광역시 북구 연암로 183,김형철,053-381-9193,
대구 수성구,수성구지산푸드뱅크,대구광역시 수성구 용학로 325,정병철,053-781-1377,
인천 중구,중구푸드마켓,인천 중구 전동,박종실,032-777-0377,
대전 유성구,대전행복나눔무지개푸드마켓4호점,대전광역시 유성구 봉산로36번길 1,김영미,042-935-1377,
대전 중구,대전행복나눔무지개푸드마켓5호점,대전광역시 중구 보문로 142,이경화,042-256-1377,
대전 유성구,대전행복나눔무지개푸드마켓6호점,대전광역시 유성구 계룡로88번길 50,윤여창,042-826-6377,
경기 안성시,서안성푸드뱅크,경기도 안성시 공도읍 진사길 79-17,박면호,031-652-5085,
광주 광산구,만나푸드뱅크,광주광역시 광산구 풍영로101번안길 15-9,김선구,062-941-1377,
인천 부평구,부평구푸드마켓1호점,인천 부평구 부개동,김도균,032-426-1377,
대구 달성군,달성푸드마켓다사점,대구 달성군 다사읍 매곡리,송정준,053-588-1375,
인천 남동구,남동구푸드마켓1호점,인천광역시 남동구 인주대로 854,류호인,032-463-1377,
대구 북구,북구희망나눔푸드마켓,대구광역시 북구 대구체육관로 28,이철상,053-954-1377,
대구 북구,북구사랑나눔푸드마켓,대구광역시 북구 칠곡중앙대로91길 5 칠곡서한그린빌라(관음동),유정순,053-321-1377,
경기 남양주시,남양주푸드마켓,경기도 남양주시 진건읍 사릉로 406-1,신영미,031-528-1668,
제주 서귀포시,서귀포 행복나눔푸드마켓·푸드뱅크,제주특별자치도 서귀포시 중앙로62번길 56,김보성,064-733-1388,
경기 화성시,화성시나래울푸드마켓,경기도 화성시 여울로2길 33,김정희,031-8015-7400,
대구 중구,중구푸드뱅크,대구 중구 남산로1길,신상윤,053-254-1388,
대구 달성군,달성군푸드뱅크,대구 달성군 논공읍 북리,송정준,053-615-9191,
인천 서구,인천광역시기부식품등지원센터,인천광역시 서구 가정로87번길 7,이명숙,032-891-1377,
인천 동구,동구푸드뱅크,인천 동구 화수1동,김도진,032-763-1377,
인천 남동구,남동구푸드뱅크,인천광역시 남동구 인주대로 854,류호인,032-469-1377,
인천 계양구,계양구푸드뱅크,인천광역시 계양구 계양대로 126,이준모,032-555-1377,
인천 서구,서구푸드뱅크,인천광역시 서구 신석로121번길 10,정서연,032-574-1377,
대구 달서구,상록수푸드뱅크,대구광역시 달서구 문화회관3길 25(장기동),김후남,053-716-6123,
인천 연수구,연수구푸드뱅크,인천광역시 연수구 원인재로 315,김용길,032-818-1377,
인천 중구,중구푸드뱅크,인천광역시 중구 홍예문로 77,박종실,032-761-1399,
인천 강화군,강화군푸드뱅크,인천광역시 강화군 강화읍 향나무길22번길 12,주성식,032-932-1378,
광주 서구,광주광역시푸드뱅크,광주광역시 북구 천변우로 40(임동),김천수,062-351-2114,
광주 동구,동구기초푸드뱅크,광주광역시 동구 천변좌로 656,배용태,062-234-1377,
광주 남구,남구기초푸드뱅크,광주광역시 남구 용대로 91,이선미,062-673-1377,
광주 북구,북구기초푸드뱅크,광주 북구 각화동,정진,062-266-1377,
광주 광산구,송광푸드뱅크,광주광역시 광산구 우산로 17,김재진,062-941-8248,
대전 중구,대전광역푸드뱅크,대전광역시 중구 보문로 246,최주환,042-525-1378,
대전 서구,대전서구기초푸드뱅크,대전광역시 서구 배재로 99-1,김문규,042-523-8012,
울산 중구,울산광역푸드뱅크,울산광역시 중구 염포로 85,김복광,052-285-1378,
충북 괴산군,괴산나눔과기쁨푸드뱅크,충북 괴산군 괴산읍 정용리,김태윤,043-832-3197,
경기 광주시,광주시참사랑푸드뱅크,경기도 광주시 광주대로 11-3,박병근,031-8028-890,
충남 논산시,논산사랑푸드마켓,충청남도 논산시 관촉로277번길 23-13,전종혁,041-736-1377,
서울 서대문구,서대문정담은푸드마켓2호점,서울 서대문구 홍제동,박선예,02-3157-137,
대구 중구,중구만나푸드마켓,대구광역시 중구 대봉로43안길 50-10,변창식,053-257-1377,
부산 사하구,사하사랑나눔푸드마켓,부산광역시 사하구 다대로 544 진요빌딩(다대동),김태형,051-262-1377,
서울 강남구,강남이동푸드마켓,서울특별시 강남구 학동로 426,이선구,02-556-3266,
대전 동구,대전행복나눔무지개푸드마켓7호점,대전광역시 동구 동구청로203번길 1,안승서,042-286-1377,
부산 부산진구,부산진구푸드마켓,부산광역시 부산진구 중앙대로 882,박현애,051-853-1377,
충북 음성군,음성군한울사랑나눔푸드뱅크,충청북도 음성군 생극면 음성로1620번길 7,이미경,043-878-4312,
경기 이천시,이천시선양푸드뱅크,경기도 이천시 남천로 51-6,곽연석,031-637-1377,
충북 괴산군,괴산군푸드마켓,충북 괴산군 괴산읍,최은묵,043-834-1377,
대구 동구,진명푸드뱅크,대구광역시 동구 아양로 239(신암동),장영희,053-746-1377,
경기 남양주시,남양주희망나눔동부푸드뱅크,경기도 남양주시 화도읍 경춘로달뫼1길 20-8,최정선,031-591-1062,
경기 의정부시,나누리푸드뱅크,경기도 의정부시 흥선로24번길 10,이성모,031-826-0778,
서울 강동구,글로벌푸드누리푸드뱅크,서울특별시 강동구 천호대로170길 77,권증현,02-408-8291,
부산 연제구,연제구둥지푸드마켓,부산광역시 연제구 월드컵대로187번길 6,김순희,051-714-1378,
경기 수원시 영통구,영통푸드뱅크,경기도 수원시 영통구 매봉로35번길 23-15,윤석경,031-212-1641,
인천 부평구,부평구푸드뱅크2호점,인천광역시 부평구 경원대로1367번길 18,김상현,032-511-1377,
부산 사하구,나눔과기쁨푸드뱅크,부산광역시 사하구 다대낙조2길 3,나영수,051-266-4950,
경기 포천시,솔모루푸드뱅크,경기도 포천시 소흘읍 송우로132번길 56,오승현,031-543-1377,
경기 용인시 기흥구,용인사랑나눔푸드뱅크,경기도 용인시 기흥구 신갈로84번길 5-17,이성근,031-281-1377,
울산 남구,남구푸드뱅크,울산광역시 남구 중앙로230번길 17,김성열,052-267-0676,
울산 동구,동구푸드뱅크,울산광역시 동구 문현5길 27,,052-236-1365,
울산 북구,북구푸드뱅크,울산광역시 북구 산업로 1016,,052-291-1377,
경기 수원시 장안구,경기도광역푸드뱅크,경기도 수원시 장안구 서부로 2139,강기태,031-213-8551,
경기 수원시 영통구,수원시푸드뱅크,경기도 수원시 팔달구 매산로 86,황재경,031-257-1378,
경기 성남시 중원구,성남기초푸드뱅크,경기도 성남시 중원구 성남대로1151번길 20-7,서덕석,031-757-1377,
경기 성남시 수정구,성남시청솔푸드뱅크,경기도 성남시 분당구 미금로 246,김재일,031-7147-633,
경기 안양시 동안구,안양시푸드뱅크,경기도 안양시 동안구 동안로 153,강은자,031-386-9957,
경기 부천시 원미구,부천기초푸드뱅크,경기도 부천시 신흥로275번길 19,유두환,032-326-1477,
경기 평택시,평택푸드뱅크,경기도 평택시 평택로 149,차현아,031-618-1877,
경기 고양시 일산동구,고양시흰돌기초푸드뱅크,경기도 고양시 일산동구 호수로446번길 55,심재경,031-905-3400,
경기 고양시 일산서구,고양시문촌9푸드뱅크,경기도 고양시 일산서구 주엽로 156,김신실,031-917-0202,
경기 고양시 일산서구,고양시문촌7푸드뱅크,경기 고양시 일산서구 킨텍스로 340,윤영,031-916-4071,
경기 오산시,오산시푸드뱅크,경기도 오산시 성호대로 38,김동승,031-378-1377,
경기 군포시,군포기초푸드뱅크,경기도 군포시 오금로 102,권태진,031-397-2054,
경기 남양주시,남양주푸드뱅크,경기도 남양주시 금곡로 11-6,곽건,010-4308-137,
경북 구미시,구미사랑나눔푸드뱅크,경상북도 구미시 봉곡동로2길 4,김상식,054-441-1377,
전북 부안군,부안행복나눔푸드마켓·뱅크,전라북도 부안군 부안읍 번영로 97-1,김종수,063-581-5723,
세종,세종중앙물류센터,세종특별자치시 연동면 연청로 745-86,서상목,044-867-1376,
경기 의왕시,의왕시푸드뱅크,경기도 의왕시 효행로 46,이종진,031-458-3027,
경기 하남시,하남시푸드뱅크,경기도 하남시 덕풍로81번길 18,유희선,031-793-6920,
경기 포천시,포천푸드뱅크,경기도 포천시 신북면 중앙로207번길 23,오상운,031-535-1376,
경기 화성시,화성시행복나눔푸드뱅크,경기도 화성시 향남읍 행정서로3길 50,조남범,031-8059-1677,
경기 여주시,여주기초푸드뱅크,경기도 여주시 세종로 319-1,이성관,031-886-9101,
경기 안성시,안성시푸드뱅크,경기도 안성시 중앙로451번길 11,심숙희,031-674-9451,
경기 구리시,구리시푸드뱅크,경기도 구리시 벌말로129번길 50,최길수,031-556-8100,
울산 중구,아름다운푸드뱅크,울산광역시 중구 화합로 366-1,이형철,052-292-1365,
서울 중구,중구 푸드뱅크마켓센터,서울특별시 중구 퇴계로 460,정선희,02-2297-1377,
서울 구로구,구로구 푸드뱅크마켓센터,서울특별시 구로구 구로동로50길 10,김한기,02-869-1378,
경기 용인시 기흥구,용인시여럿이함께푸드뱅크,경기도 용인시 기흥구 마북로247번길 92,윤상형,031-283-0873,
경기 가평군,가평군푸드뱅크,경기도 가평군 가평읍 달전로 44,정현주,031-581-2727,
광주 남구,희망기초푸드뱅크,광주광역시 남구 진다리로31번길 13,김영자,062-653-9313,
서울 강서구,강서푸드뱅크·마켓,서울특별시 강서구 공항대로2가길 5,이창주,02-2635-1377,
서울 성북구,성북구 푸드뱅크·마켓센터,서울특별시 성북구 아리랑로4길 22,이종명,02-981-1377,
서울 도봉구,도봉구푸드뱅크마켓센터,서울특별시 도봉구 도봉로170길 2,김용추,02-907-1377,
서울 관악구,관악푸드뱅크마켓,서울특별시 관악구 신림로58길 13,유낙준,02-872-1377,
서울 동작구,동작구푸드뱅크·마켓센터,서울 동작구 사당동,유제환,02-817-1377,
경기 광명시,시립광명푸드뱅크마켓행복바구니2호점,경기도 광명시 금하로527번길 12,이광수,02-898-1331,
전남 해남군,해남푸드뱅크,전라남도 해남군 서림길 5( 구교리),이호군,061-535-1377,
인천 서구,서구한빛나눔푸드뱅크,인천광역시 서구 가남로 261,박용선,032-583-1377,
부산 수영구,부산수영구함께하는푸드마켓,부산광역시 수영구 연수로249번길 12-18,구영찬,051-756-1925,
부산 사상구,사상구기초푸드뱅크,부산광역시 사상구 모라로192번길 20-33,정병우,051-305-4286,
경남 산청군,산청군푸드뱅크,경상남도 산청군 산청읍 꽃봉산로 84,노준석,055-973-8267,
강원 양구군,양구한마음푸드뱅크,강원도 양구군 양구읍 비봉로 61,김옥순,033-481-7733,
대구 달서구,두류푸드마켓,대구광역시 달서구 두류공원로50길 23,김후남,053-652-5300,
경북 김천시,글로벌희망나누리푸드뱅크,경상북도 김천시 지좌길 13-3,이창화,054-432-6009,
대전 동구,새소망푸드뱅크,대전광역시 동구 갱이길 49,홍학기,042-624-1377,
대전 대덕구,대덕나누리푸드뱅크,대전광역시 대덕구 대전로1032번길 51,조안순,070-4063-606,
경기 안산시 단원구,안산나눔과기쁨푸드뱅크,경기도 안산시 상록구 충장로6안길 16,라용주,031-419-1377,
서울 송파구,나눔과기쁨203지회푸드뱅크,서울특별시 송파구 마천로31길 22 원인통상(주)(마천동),최창석,1544-9509,
경기 안성시,안성동부푸드뱅크,경기도 안성시 죽산면 죽주로 292-22,김철희,070-7788-137,
충남 계룡시,계룡시사랑나눔푸드뱅크,충청남도 계룡시 계룡대로 320,이정기,042-551-9191,
천안시 충남,충남가톨릭농수산물지원센터,충청남도 천안시 서북구 천안대로 1347 천안농산물도매시장(신당,노승환,041-582-1388,
경기 성남시 수정구,희망등대푸드뱅크,경기도 성남시 수정구 희망로534번길 39,박진형,031-754-0011,
경기 안산시 단원구,안산사랑푸드뱅크,경기도 안산시 상록구 원당골3길 6-1,박재완,070-5014-5855,
부산 남구,남구푸드뱅크,부산광역시 남구 동제당로 258,윤성희,051-647-3655,
경기 용인시 처인구,글로벌희망나눔용인푸드뱅크,경기도 용인시 기흥구 중부대로 242,강정희,031-333-4646,
전북 전주시 덕진구,전주시중앙푸드뱅크,전라북도 전주시 덕진구 사근1길 23-25,고재욱,063-254-2758,
대전 동구,나누미푸드뱅크,대전광역시 동구 태전로174번안길 20,김윤환,042-623-5060,
경기 평택시,서평택푸드뱅크,경기도 평택시 안중읍 송담7길 14,서동준,031-686-7553,
제주 제주시,동제주기초푸드뱅크,제주특별자치도 제주시 구좌읍 평대12길 15,김지선,064-751-1377,
서울 강동구,"나눔과기쁨 푸드마켓, 푸드뱅크",서울특별시 강동구 천중로15가길 4,이남순,02-428-5182,
충남 서산시,서산카리타스농수산물지원센터,충청남도 서산시 안견로 214-10,노승환,041-688-1997,
대전 유성구,마라나타푸드뱅크,대전광역시 유성구 관들3길 77-30,박근식,042-935-6889,
충남 당진시,당진시나눔푸드뱅크,충청남도 당진시 북문길 1-12,방두석,041-355-5700,
경기 화성시,화성은혜푸드뱅크,경기도 화성시 봉담읍 독정길 30,강명우,031-297-6004,
전남 담양군,담양군기초푸드뱅크,전라남도 담양군 담양읍 죽향문화로 431-33,김용,061-381-1376,
충북 청주시 상당구,청주제일기초푸드뱅크,충청북도 청주시 상당구 상당로13번길 15(남문로1가),이건희,043-256-3816,
전북 고창군,선운기초푸드뱅크,전라북도 고창군 고창읍 전봉준로 88-15,손형석,063-561-1378,
충북 청주시 상당구,대청기초푸드뱅크,충청북도 청주시 상당구 문의면 두모1길 13-8,이태순,043-221-7838,
대전 서구,한밭사랑푸드뱅크,대전광역시 서구 변동로 91,최형숙,042-535-0191,
경기 안양시 만안구,글로벌행복나눔푸드뱅크,경기도 안양시 만안구 석수로 4,표용주,031-447-2901,
경기 용인시 처인구,문화협회푸드뱅크,경기도 용인시 처인구 경안천로 76,전욱재,031-322-1377,
경기 화성시,비전푸드뱅크,경기도 화성시 서신면 수풀오얏길 65-11,박재윤,031-355-1277,
광주 서구,시영기초푸드뱅크,광주광역시 서구 화정로 87-1,남국희,062-371-1377,
세종,세종광역푸드뱅크,세종특별자치시 조치원읍 세종로 2567,김부유,044-868-1311,
충북 옥천군,옥천나눔푸드뱅크,충청북도 옥천군 옥천읍 응천1길 63-3,이종선,043-731-6231,
서울 중랑구,중랑푸드마켓(면목점),서울특별시 중랑구 면목로 242,장중환,02-6952-1376,
광주 북구,행복나눔기초푸드뱅크,광주광역시 북구 당뫼로 12,김종석,062-525-1691,
충북 음성군,관성푸드뱅크,충청북도 음성군 삼성면 대성로547번길 12,유재호,043-877-9457,
전북 군산시,동군산푸드뱅크,전라북도 군산시 서수면 하금길 37-1,이강권,010-3671-020,
전북 전주시 완산구,전주시새샘푸드뱅크,전라북도 전주시 완산구 고덕산1길 82,김용진,063-286-0217,
전남 함평군,함평희망나눔기초푸드뱅크,전라남도 함평군 함평읍 송정길 49,김양희,061-324-1881,
경북 경산시,경산푸드마켓,경상북도 경산시 경청로219길 3-2,김오기,053-802-1377,
경기 시흥시,시흥푸드뱅크마켓센터,경기도 시흥시 오동마을로45번길 7,강한성,031-434-1379,
대구 동구,제일푸드뱅크,대구광역시 동구 송라로2길 17-6,박덕상,053-755-1377,
전남 장흥군,장흥엄마손기초푸드뱅크,전라남도 장흥군 장흥읍 흥성로 37-24,김영석,061-864-4804,
전남 목포시,목포예사랑나눔푸드뱅크,전라남도 목포시 양을로 261-2 용당교회탁노소(용해동),박남일,061-279-0954,
울산 북구,나눔과기쁨울산푸드뱅크,울산광역시 북구 송내11길 12,김철호,052-289-9543,
경기 안양시 만안구,안양착한푸드뱅크마켓,경기도 안양시 만안구 장내로 113,장우희,031-476-1365,
경기 구리시,구리사랑나눔푸드뱅크,경기도 구리시 벌말로 170,소재형,031-555-1243,
부산 기장군,기장푸드마켓,부산광역시 기장군 기장읍 대청로21번길 9,김진건,051-722-4006,
부산 동구,동구푸드마켓,부산광역시 동구 진성로 68,박영진,051-905-1378,
서울 금천구,금천행복푸드뱅크,서울특별시 금천구 시흥대로 97,정선균,02-808-1671,
경기 이천시,웃어라나눔과기쁨푸드뱅크,경기도 이천시 서희로71번길 14,이정식,031-632-6066,
경기 이천시,소망더함푸드뱅크,경기도 이천시 마장면 서이천로 105-6,최윤철,031-631-1377,
대구 중구,대구나눔과기쁨 푸드뱅크,대구광역시 중구 달구벌대로 2034,김정성,053-475-6960,
부산 강서구,강서구둥지푸드마켓,부산광역시 강서구 공항로 1207,김순희,051-711-1378,
경기 용인시 기흥구,아름다운동행 푸드뱅크,경기도 용인시 처인구 금령로71번길 8,김종임,031-339-1377,
충북 제천시,제천나눔과기쁨푸드뱅크,충청북도 제천시 수산면 월악로26길 57,권은상,043-643-2278,
강원 강릉시,강릉자유푸드뱅크,강원도 강릉시 범일로 663,김진구,033-644-8831,
대구 남구,남구대명기초푸드뱅크,대구광역시 남구 양지로 8,설찬수,053-657-1170,
경기 광주시,늘만나푸드뱅크,경기도 광주시 곤지암읍 곤지암로11번길 8,이배영,031-764-0091,
경남 김해시,김해시나누미푸드뱅크,경상남도 김해시 평전로 3,김영규,055-311-9745,
전북 정읍시,참좋은푸드뱅크,전라북도 정읍시 명덕로 55-1,유영준,063-531-0191,
경기 김포시,김포한강푸드뱅크,경기도 김포시 하성면 월하로 762,한경상,031-997-1370,
경기 화성시,사랑푸드뱅크,경기도 화성시 병점중앙로 5-6,주경선,031-225-1377,
경기 양주시,경기광역기부식품등지원센터북부물류창고,경기도 양주시 칠봉산로 303,강기태,070-4209-962,
경기 안성시,안성연화마을푸드뱅크,경기도 안성시 일죽면 금일로 93,이재용,031-674-1356,
서울 서초구,서초구 푸드뱅크마켓센터,서울특별시 서초구 바우뫼로 43(우면동),권영찬,02-579-1377,
서울 양천구,양천구푸드뱅크·마켓센터,서울특별시 양천구 중앙로 250,김진용,02-2062-1377,
경기 고양시 덕양구,덕양행신기초푸드뱅크,경기도 고양시 덕양구 서정마을2로 13,김진우,031-839-6000,
경기 화성시,화성여럿이함께푸드뱅크,경기도 화성시 남여울3길 9-10,윤상형,031-613-1907,
경기 부천시 원미구,복사골푸드뱅크,경기도 부천시 원미로 235,최성열,032-661-0112,
전남 신안군,1004섬신안기초푸드뱅크,전라남도 신안군 압해읍 구항길 92-58,박균보,061-278-1129,
전남 나주시,나주시푸드뱅크,전라남도 나주시 가마태길 38,최시영,070-4870-103,
강원 홍천군,홍천군기초푸드뱅크,강원도 홍천군 홍천읍 너브내길 121,권영택,033-433-8587,
서울 강북구,행복나눔 강북푸드뱅크·마켓센터,서울 강북구 수유2동,허진호,02-991-1377,
서울 강서구,나눔기쁨강서푸드뱅크·마켓,서울특별시 강서구 등촌로13길 59,김병수,010-8582-5871,
전북 전주시 덕진구,이웃사랑푸드뱅크,전라북도 전주시 덕진구 건산로 280,최형철,070-4940-656,
전북 진안군,진안마이푸드마켓,전라북도 진안군 진안읍 관산2길 10,김진,063-433-1415,
경북 영덕군,영덕군기초푸드뱅크,경상북도 영덕군 영덕읍 화개길 9-6,박진현,054-730-6616,
대전 중구,조은이웃푸드뱅크,대전광역시 중구 당디로36번길 99,배영석,042-825-9182,
충남 금산군,금산군푸드뱅크,충청남도 금산군 일흔이재로 112( 내부리),천병선,041-752-7942,
인천 중구,비손행복나눔푸드뱅크,인천광역시 중구 참외전로152번길 5-1,강덕자,032-221-0191,
경기 화성시,위드(with)푸드뱅크,경기도 화성시 장안면 노진길 117-4,양은혜,031-351-1365,
경기 양평군,나눔과기쁨5461푸드뱅크,경기도 양평군 청운면 백동길 1-3,오형규,031-775-8484,
경기 수원시 권선구,팔도푸드뱅크,경기도 수원시 권선구 새터로47번길 88,목에스더김,031-221-9004,
인천 남동구,글로벌푸드뱅크,인천광역시 남동구 남동대로915번길 33,손용익,032-422-1377,
경기 시흥시,행복나눔푸드뱅크,경기도 시흥시 호현로 68-1,김갑진,070-8245-067,
부산 연제구,부산시광역푸드뱅크,부산광역시 연제구 법원남로16번길 27,오흥숙,051-791-1377,
대전 중구,대전행복나눔푸드마켓(유천점),대전광역시 중구 유천로 93,나봉균,042-522-7100,
대구 남구,대구시광역푸드뱅크,대구 남구 봉덕동,안의종,053-474-1377,
경기 김포시,새희망푸드뱅크,경기도 김포시 양촌읍 양곡4로 139,문진환,031-987-8116,
경기 화성시,경기광역기부식품등지원센터남부물류창고,경기도 화성시 봉담읍 덕우공단2길 48,강기태,070-8666-699,
전북 정읍시,참좋은푸드마켓,전라북도 정읍시 명덕로 55,유영준,063-531-0191,
대전 대덕구,산마을푸드뱅크,대전광역시 대덕구 석봉로57번길 31,홍정미,042-933-1377,
광주 북구,섬기고나눔기초푸드뱅크,광주광역시 북구 북문대로 70,박임선,062-524-1377,
전남 순천시,순천시푸드마켓,전라남도 순천시 중앙1길 30-18,조병철,061-746-8206,
서울 성동구,성동희망푸드나눔센터,서울특별시 성동구 고산자로 323,홍완식,02-425-1377,
광주 서구,쌍촌기초푸드뱅크,광주 서구 쌍촌동,김천수,062-384-1377,
광주 서구,서구기초푸드뱅크,광주광역시 서구 운천로32번길 23,이종용,062-375-1377,
울산 중구,중구푸드뱅크,울산광역시 중구 중앙길 199,김문걸,052-243-1377,
강원 원주시,문막푸드뱅크,강원도 원주시 문막읍 동화택지길 9,김재호,033-734-0691,
광주 북구,오치기초푸드뱅크,광주광역시 북구 서하로194번길 6,신창수,062-574-1377,
강원 원주시,원주만나푸드뱅크,강원도 원주시 일산로82번길 36,추명선,033-764-9129,
